security_code,security_name_abbr,apply_date,issue_price,online_issue_shares,top_apply_amount_wan,manual_ladder,manual_note
920011,晨光电机,2026-03-25,15.5,18600001,1441.5,1+0=482;1+1=806.93;2+1=966.74,
920012,创达新材,2026-04-01,19.58,11096411,1086.2984,1+0=728.5;1+1=顶格抢时间,
920028,新恒泰,2026-03-11,9.4,36981000,1738.06,1+0=251.2;2+0=502.4;2+1=564;3+1=753.41;6+1=顶格,
920036,觅睿科技,2026-02-26,21.52,12244950,1317.4544,1+0=676;1+1=786,
920038,森合高科,2026-07-27,29.06,17201881,2499.16,1+0=707;1+1=1220;2+1=1413;3+1=2119,
920050,爱伦医疗,2026-01-12,15.98,15227851,1216.5574,1+1=998.9;2+1=1154,
920055,隆源股份,2026-03-23,24.7,15300000,1889.55,1+0=569.2;1+1=1083.34;2+1=1138.4;3+1=1707.6,
920059,双英集团,2026-08-10,11.13,32318326,1798.4967,1+0=405;2+0=810;2+1=872;3+1=1215;4+1=1620,
920065,千岸科技,2026-07-20,24.3,15750000,1913.625,1+0=713.8;1+1=1366.88;2+1=1427.6,
920069,普昂医疗,2026-03-18,18.38,9524520,875.2556,1+1=顶格抢时间,
920071,金钛股份,2026-08-19,9.72,31500000,1530.9,1+0=421.5;2+0=843;2+1=961;3+1=1264.5,
920072,科莱瑞迪,2026-06-15,15.62,6660000,416.1168,0+1=顶格抢时间,
920076,国亮新材,2026-01-14,10.76,16240368,873.712,1+1=662.93,
920078,族兴新材,2026-03-09,6.98,20700000,722.43,1+0=334;2+0=667;2+1=顶格抢时间,
920079,乔路铭,2026-07-08,14.36,45000000,3231,1+0=293;2+0=586;3+0=879;3+1=949.91;4+1=1172;5+1=1465,
920081,欧伦电气,2026-07-01,38.69,17100000,3307.995,1+0=707.85;1+1=1250.47;2+1=1416;3+1=2124;4+1=2836,
920083,金戈新材,2026-06-01,9.65,20089392,969.246,1+0=484;2+1=顶格抢时间,
920086,科马材料,2026-01-06,11.66,18828000,1097.6724,1+1=848.38;2+1=909.7,
920093,信胜科技,2026-08-12,14.35,25200000,1808.1,1+0=537.3;2+0=1074.6;2+1=1078.3;3+1=1611.94,
920096,嘉晨智能,2026-05-06,14.43,16200000,1168.83,1+0=540.5;2+0=1081;2+1=顶格抢时间,
920107,恒兴股份,2026-08-05,16.02,18873000,1511.6472,1+0=652;2+0=1266.8;2+1=1304,
920117,龙鑫智能,2026-07-06,17.83,20214003,1802.0781,1+0=597;2+0=1194;2+1=1301.77;3+1=1791,
920119,美德乐,2026-01-21,41.88,14400000,3015.36,1+1=1087.62;2+1=1471.66;3+1=2211.9;4+1=2949.2,
920125,鸿仕达,2026-04-13,16.57,12150000,1006.6275,1+0=675.39;1+1=顶格抢时间,
920126,永大股份,2026-06-03,7.79,41868000,1630.7586,1+0=274.4;2+0=548.8;2+1=571.78;3+1=823.2;4+1=1097.46;5+1=1372,
920136,永励精密,2026-06-24,19.28,18000000,1735.2,1+1=1131.3;2+1=1217.8,
920138,杰理科技,2026-08-03,18.86,29700000,2800.71,1+0=475;2+0=950;2+1=960;3+1=1425,
920156,海昌智能,2026-04-15,20.93,21708000,2271.7422,1+0=476.27;1+1=614.09;2+1=952.5;3+1=1428.8;4+1=1905,
920159,农大科技,2026-01-19,25,14400000,1800,1+1=1000.25;2+1=1295.5,
920161,龙辰科技,2026-05-18,9.21,30598650,1409.0379,1+0=337.5;2+0=675;3+1=1020.01;4+1=1350,
920165,珈凯生物,2026-07-29,19.26,6517038,627.4908,0+1=顶格抢时间,
920166,海圣医疗,2026-02-04,12.64,10164707,642.3648,0+1=340,
920168,通宝光电,2026-02-09,16.17,16914060,1367.4969,1+1=525.5;2+1=1051,
920176,维琪科技,2026-07-13,22.16,7947000,880.4168,0+1=879.75,
920177,恒道科技,2026-04-07,21.8,11772000,1283.148,0+1=696;1+1=804.42,
920178,锐翔智能,2026-04-27,29.47,12371562,1822.7195,1+0=780;1+1=1250.18抢时间;2+1=1560,
920180,爱得科技,2026-02-02,7.67,26577686,1019.1896,2+1=752.89；3+1=946.5,
920181,赛英电子,2026-03-30,28,9720000,1360.8,1+1=1037.4;2+1=顶格,
920183,海菲曼,2026-02-24,19.71,9474318,933.6627,1+0=761;1+1=顶格抢时间,
920186,中科仪,2026-04-20,16.21,23400000,1517.256,2+1=872;3+1=1267.3,
920187,通领科技,2026-02-11,29.62,14040000,2079.324,1+1=1039.6;2+1=1198;3+1=1797,
920188,悦龙科技,2026-03-16,14.04,19793879,1389.3984,1+0=449.28;2+1=999.79;3+1=1347.8,
920189,康美特,2026-06-29,8.14,19089000,776.8816,1+0=447;1+1=631,
920191,瑞尔竞达,2026-04-09,7.71,39915000,1538.6847,1+0=223.13;2+0=447;2+1=546.6;3+1=670;4+1=893;5+1=1116;6+1=1339,
920193,吉和昌,2026-06-17,8.52,25200000,1073.52,1+0=392;2+0=784;2+1=881.74,
920200,振宏股份,2026-04-22,20.58,20619000,2121.5922,1+0=500;2+0=1000;2+1=1104.5;3+1=1500;4+1=2000,
920206,彩客科技,2026-05-27,30.28,7177320,1086.4464,0+1=816,
920211,新睿电子,2026-05-25,25.19,5760000,725.472,0+1=顶格抢时间,
920218,新天力,2026-05-20,12.19,21076029,1284.5822,1+0=473;2+0=946;2+1=1004.94,
920220,朗信电气,2026-05-13,28.29,11917127,1685.5182,1+0=793.8;1+1=1432;2+1=1587.63,
920222,益坤电气,2026-06-22,10.09,11562390,583.3029,0+1=456.17,
920238,长鹰硬科,2026-07-15,18.89,16285860,1538.0238,1+0=701.2;2+0=1402.4;2+1=顶格抢时间,
920258,聚仁新材,2026-07-22,4.48,36000000,806.4,1+0=268;2+0=536;3+1=顶格抢时间,
920269,杰峰动力,2026-08-26,30.7,8899500,1365.843,1+0=1210;1+1=顶格抢时间,
920288,华大海天,2026-08-17,12.57,17880000,1123.758,1+0=643;1+1=900,
920289,华汇智能,2026-08-24,17.71,14450017,1279.5475,1+0=824.8;1+1=1222.34,
