security_code,security_name_abbr,apply_date,issue_result_date,listing_date,issue_price,total_issue_num_wan,online_issue_shares,online_issue_source,issue_amount_yi,top_apply_amount_wan,top_apply_source,top_apply_shares,online_valid_accounts,online_allocated_accounts,online_valid_shares,online_valid_source,frozen_funds_yi,allocation_rate_pct,subscription_multiple,lock_days,guaranteed_threshold_shares,guaranteed_threshold_amount_wan,guaranteed_threshold_reachable,top_apply_below_guaranteed,top_apply_gap_shares,top_apply_gap_amount_wan,fractional_threshold_shares,fractional_threshold_amount_wan,fractional_threshold_source,fractional_time_priority_required,time_priority_scope,subscription_distribution_json,distribution_bucket_count,allocation_fit_json,allocation_fit_quality,allocation_fit_confidence,allocation_fit_usable_for_tuning,allocation_fit_residual_json,allocation_fit_bucket_count,unallocated_avg_amount_wan,allocation_fit_ready,model_mode,model_ready,guaranteed_label_ready,fractional_label_ready,data_quality,missing_fields,prospectus_pdf_found,issue_pdf_found,result_pdf_found,listing_pdf_found,prospectus_pdf_file,issue_pdf_file,result_pdf_file,listing_pdf_file,parse_errors,download_errors
920086,科马材料,2026-01-06,2026-01-09,2026-01-16,11.66,2092,18828000,ONLINE_ISSUE_NUM,2.195345,1097.6724,replay_dataset,941400,624494,81904,73393241000,issue_result:result,8557.651901,0.025654,3898.090132,3,389900,454.6234,true,false,,,559700,652.6102,model_estimate_without_distribution,false,none,[],0,"{""available"":true,""method"":""account_lot_equation"",""fit_quality"":""rough_lot_account_fit"",""fit_confidence"":0.7,""fit_usable_for_tuning"":true,""fit_residuals"":{""allocated_account_residual"":0,""allocated_lot_residual"":0,""valid_subscription_balance_residual_shares"":0.0,""unallocated_avg_over_cap_shares"":0.0,""unallocated_avg_under_zero_shares"":0.0,""unallocated_cap_utilization"":0.057345},""allocated_accounts"":81904,""allocated_lots_total"":188280,""average_lots_per_allocated_account"":2.298788825942567,""unallocated_accounts"":542590,""unallocated_avg_shares"":22353.086123961002,""unallocated_avg_amount_wan"":26.06369842053853,""unallocated_cap_shares"":389800,""residual_over_cap_shares"":0.0,""top_apply_below_guaranteed"":false,""buckets"":[{""allocated_lots"":3,""accounts"":53188,""threshold_shares"":941400,""threshold_amount_wan"":1097.6724,""basis"":""compressed_extra_lots""},{""allocated_lots"":1,""accounts"":28716,""threshold_shares"":389800,""threshold_amount_wan"":454.5068,""basis"":""fractional_cutoff_estimate""}]}",rough_lot_account_fit,0.7,true,"{""allocated_account_residual"":0,""allocated_lot_residual"":0,""valid_subscription_balance_residual_shares"":0.0,""unallocated_avg_over_cap_shares"":0.0,""unallocated_avg_under_zero_shares"":0.0,""unallocated_cap_utilization"":0.057345}",2,26.063698,true,actual,true,true,true,ready_guaranteed,SUBSCRIPTION_AMOUNT_DISTRIBUTION/FRACTIONAL_THRESHOLD_SHARES|FRACTIONAL_TIME_PRIORITY_REQUIRED,true,true,true,true,920086_科马材料_招股说明书.pdf,920086_科马材料_发行公告.pdf,920086_科马材料_发行结果公告.pdf,920086_科马材料_上市公告书.pdf,,
920050,爱伦医疗,2026-01-12,2026-01-15,2026-01-21,15.98,1691.9834,15227851,ONLINE_ISSUE_NUM,2.433411,1216.5574,replay_dataset,761300,695842,70886,55001338900,issue_result:result,8789.213956,0.027686,3611.891061,3,361200,577.1976,true,false,,,624300,997.6314,model_estimate_without_distribution,false,none,[],0,"{""available"":true,""method"":""account_lot_equation"",""fit_quality"":""rough_lot_account_fit"",""fit_confidence"":0.7,""fit_usable_for_tuning"":true,""fit_residuals"":{""allocated_account_residual"":0,""allocated_lot_residual"":0,""valid_subscription_balance_residual_shares"":0.0,""unallocated_avg_over_cap_shares"":0.0,""unallocated_avg_under_zero_shares"":0.0,""unallocated_cap_utilization"":0.058127},""allocated_accounts"":70886,""allocated_lots_total"":152279,""average_lots_per_allocated_account"":2.148223908811331,""unallocated_accounts"":624956,""unallocated_avg_shares"":20989.483739655272,""unallocated_avg_amount_wan"":33.54119501596913,""unallocated_cap_shares"":361100,""residual_over_cap_shares"":0.0,""top_apply_below_guaranteed"":false,""buckets"":[{""allocated_lots"":3,""accounts"":40696,""threshold_shares"":761300,""threshold_amount_wan"":1216.5574,""basis"":""compressed_extra_lots""},{""allocated_lots"":2,""accounts"":1,""threshold_shares"":722400,""threshold_amount_wan"":1154.3952,""basis"":""compressed_extra_lots""},{""allocated_lots"":1,""accounts"":30189,""threshold_shares"":361100,""threshold_amount_wan"":577.0378,""basis"":""fractional_cutoff_estimate""}]}",rough_lot_account_fit,0.7,true,"{""allocated_account_residual"":0,""allocated_lot_residual"":0,""valid_subscription_balance_residual_shares"":0.0,""unallocated_avg_over_cap_shares"":0.0,""unallocated_avg_under_zero_shares"":0.0,""unallocated_cap_utilization"":0.058127}",3,33.541195,true,actual,true,true,true,ready_guaranteed,SUBSCRIPTION_AMOUNT_DISTRIBUTION/FRACTIONAL_THRESHOLD_SHARES|FRACTIONAL_TIME_PRIORITY_REQUIRED,true,true,true,true,920050_爱舍伦_招股说明书.pdf,920050_爱舍伦_发行公告.pdf,920050_爱舍伦_发行结果公告.pdf,920050_爱舍伦_上市公告书.pdf,,
920076,国亮新材,2026-01-14,2026-01-19,2026-01-22,10.76,1804.4853,16240368,ONLINE_ISSUE_NUM,1.747464,873.712,replay_dataset,812000,728083,88524,76958830600,issue_result:result,8280.770173,0.021103,4738.736869,5,473900,509.9164,true,false,,,93000,100.068,model_estimate_without_distribution,false,none,[],0,"{""available"":true,""method"":""account_lot_equation"",""fit_quality"":""rough_lot_account_fit"",""fit_confidence"":0.7,""fit_usable_for_tuning"":true,""fit_residuals"":{""allocated_account_residual"":0,""allocated_lot_residual"":0,""valid_subscription_balance_residual_shares"":0.0,""unallocated_avg_over_cap_shares"":0.0,""unallocated_avg_under_zero_shares"":0.0,""unallocated_cap_utilization"":0.0331},""allocated_accounts"":88524,""allocated_lots_total"":162404,""average_lots_per_allocated_account"":1.8345759342099317,""unallocated_accounts"":639559,""unallocated_avg_shares"":15682.592849135108,""unallocated_avg_amount_wan"":16.874469905669375,""unallocated_cap_shares"":473800,""residual_over_cap_shares"":0.0,""top_apply_below_guaranteed"":false,""buckets"":[{""allocated_lots"":2,""accounts"":73880,""threshold_shares"":812000,""threshold_amount_wan"":873.712,""basis"":""compressed_extra_lots""},{""allocated_lots"":1,""accounts"":14644,""threshold_shares"":473800,""threshold_amount_wan"":509.8088,""basis"":""fractional_cutoff_estimate""}]}",rough_lot_account_fit,0.7,true,"{""allocated_account_residual"":0,""allocated_lot_residual"":0,""valid_subscription_balance_residual_shares"":0.0,""unallocated_avg_over_cap_shares"":0.0,""unallocated_avg_under_zero_shares"":0.0,""unallocated_cap_utilization"":0.0331}",2,16.87447,true,actual,true,true,true,ready_guaranteed,SUBSCRIPTION_AMOUNT_DISTRIBUTION/FRACTIONAL_THRESHOLD_SHARES|FRACTIONAL_TIME_PRIORITY_REQUIRED,true,true,true,true,920076_国亮新材_招股说明书.pdf,920076_国亮新材_发行公告.pdf,920076_国亮新材_发行结果公告.pdf,920076_国亮新材_上市公告书.pdf,,
920159,农大科技,2026-01-19,2026-01-22,2026-01-28,25,1600,14400000,ONLINE_ISSUE_NUM,3.6,1800,replay_dataset,720000,545871,66731,37193579800,issue_result:result,9298.39495,0.038716,2582.887486,3,258300,645.75,true,false,,,415900,1039.75,model_estimate_without_distribution,false,none,[],0,"{""available"":true,""method"":""account_lot_equation"",""fit_quality"":""rough_lot_account_fit"",""fit_confidence"":0.7,""fit_usable_for_tuning"":true,""fit_residuals"":{""allocated_account_residual"":0,""allocated_lot_residual"":0,""valid_subscription_balance_residual_shares"":0.0,""unallocated_avg_over_cap_shares"":0.0,""unallocated_avg_under_zero_shares"":0.0,""unallocated_cap_utilization"":0.017154},""allocated_accounts"":66731,""allocated_lots_total"":144000,""average_lots_per_allocated_account"":2.1579176095068258,""unallocated_accounts"":479140,""unallocated_avg_shares"":4429.1772759527485,""unallocated_avg_amount_wan"":11.07294318988187,""unallocated_cap_shares"":258200,""residual_over_cap_shares"":0.0,""top_apply_below_guaranteed"":false,""buckets"":[{""allocated_lots"":3,""accounts"":38634,""threshold_shares"":720000,""threshold_amount_wan"":1800.0,""basis"":""compressed_extra_lots""},{""allocated_lots"":2,""accounts"":1,""threshold_shares"":516600,""threshold_amount_wan"":1291.5,""basis"":""compressed_extra_lots""},{""allocated_lots"":1,""accounts"":28096,""threshold_shares"":258200,""threshold_amount_wan"":645.5,""basis"":""fractional_cutoff_estimate""}]}",rough_lot_account_fit,0.7,true,"{""allocated_account_residual"":0,""allocated_lot_residual"":0,""valid_subscription_balance_residual_shares"":0.0,""unallocated_avg_over_cap_shares"":0.0,""unallocated_avg_under_zero_shares"":0.0,""unallocated_cap_utilization"":0.017154}",3,11.072943,true,actual,true,true,true,ready_guaranteed,SUBSCRIPTION_AMOUNT_DISTRIBUTION/FRACTIONAL_THRESHOLD_SHARES|FRACTIONAL_TIME_PRIORITY_REQUIRED,true,true,true,true,920159_农大科技_招股说明书.pdf,920159_农大科技_发行公告.pdf,920159_农大科技_发行结果公告.pdf,920159_农大科技_上市公告书.pdf,,
920119,美德乐,2026-01-21,2026-01-26,2026-01-30,41.88,1600,14400000,ONLINE_ISSUE_NUM,6.03072,3015.36,replay_dataset,720000,592450,60994,25283142800,issue_result:result,10588.580205,0.056955,1755.773806,5,175600,735.4128,true,false,,,351200,1470.8256,model_estimate_without_distribution,true,fractional_cutoff,[],0,"{""available"":true,""method"":""account_lot_equation"",""fit_quality"":""rough_lot_account_fit"",""fit_confidence"":0.7,""fit_usable_for_tuning"":true,""fit_residuals"":{""allocated_account_residual"":0,""allocated_lot_residual"":0,""valid_subscription_balance_residual_shares"":0.0,""unallocated_avg_over_cap_shares"":0.0,""unallocated_avg_under_zero_shares"":0.0,""unallocated_cap_utilization"":0.03516},""allocated_accounts"":60994,""allocated_lots_total"":144000,""average_lots_per_allocated_account"":2.3608879561924123,""unallocated_accounts"":531456,""unallocated_avg_shares"":6170.642536729287,""unallocated_avg_amount_wan"":25.842650943822253,""unallocated_cap_shares"":175500,""residual_over_cap_shares"":0.0,""top_apply_below_guaranteed"":false,""buckets"":[{""allocated_lots"":5,""accounts"":20751,""threshold_shares"":720000,""threshold_amount_wan"":3015.36,""basis"":""compressed_extra_lots""},{""allocated_lots"":3,""accounts"":1,""threshold_shares"":526800,""threshold_amount_wan"":2206.2384,""basis"":""compressed_extra_lots""},{""allocated_lots"":1,""accounts"":40242,""threshold_shares"":175500,""threshold_amount_wan"":734.994,""basis"":""fractional_cutoff_estimate""}]}",rough_lot_account_fit,0.7,true,"{""allocated_account_residual"":0,""allocated_lot_residual"":0,""valid_subscription_balance_residual_shares"":0.0,""unallocated_avg_over_cap_shares"":0.0,""unallocated_avg_under_zero_shares"":0.0,""unallocated_cap_utilization"":0.03516}",3,25.842651,true,actual,true,true,true,ready_guaranteed,SUBSCRIPTION_AMOUNT_DISTRIBUTION/FRACTIONAL_THRESHOLD_SHARES|FRACTIONAL_TIME_PRIORITY_REQUIRED,true,true,true,true,920119_美德乐_招股说明书.pdf,920119_美德乐_发行公告.pdf,920119_美德乐_发行结果公告.pdf,920119_美德乐_上市公告书.pdf,,
920180,爱得科技,2026-02-02,2026-02-05,2026-02-10,7.67,2953.0762,26577686,ONLINE_ISSUE_NUM,2.038509,1019.1896,replay_dataset,1328800,496718,97392,109213143900,issue_result:result,8376.648137,0.024336,4109.204387,3,411000,315.237,true,false,,,607200,465.7224,model_estimate_without_distribution,false,none,[],0,"{""available"":true,""method"":""account_lot_equation"",""fit_quality"":""rough_lot_account_fit"",""fit_confidence"":0.7,""fit_usable_for_tuning"":true,""fit_residuals"":{""allocated_account_residual"":0,""allocated_lot_residual"":0,""valid_subscription_balance_residual_shares"":0.0,""unallocated_avg_over_cap_shares"":0.0,""unallocated_avg_under_zero_shares"":0.0,""unallocated_cap_utilization"":0.107717},""allocated_accounts"":97392,""allocated_lots_total"":265777,""average_lots_per_allocated_account"":2.7289407754230326,""unallocated_accounts"":399326,""unallocated_avg_shares"":44260.75161647376,""unallocated_avg_amount_wan"":33.947996489835376,""unallocated_cap_shares"":410900,""residual_over_cap_shares"":0.0,""top_apply_below_guaranteed"":false,""buckets"":[{""allocated_lots"":4,""accounts"":56128,""threshold_shares"":1328800,""threshold_amount_wan"":1019.1896,""basis"":""compressed_extra_lots""},{""allocated_lots"":2,""accounts"":1,""threshold_shares"":821900,""threshold_amount_wan"":630.3973,""basis"":""compressed_extra_lots""},{""allocated_lots"":1,""accounts"":41263,""threshold_shares"":410900,""threshold_amount_wan"":315.1603,""basis"":""fractional_cutoff_estimate""}]}",rough_lot_account_fit,0.7,true,"{""allocated_account_residual"":0,""allocated_lot_residual"":0,""valid_subscription_balance_residual_shares"":0.0,""unallocated_avg_over_cap_shares"":0.0,""unallocated_avg_under_zero_shares"":0.0,""unallocated_cap_utilization"":0.107717}",3,33.947996,true,actual,true,true,true,ready_guaranteed,SUBSCRIPTION_AMOUNT_DISTRIBUTION/FRACTIONAL_THRESHOLD_SHARES|FRACTIONAL_TIME_PRIORITY_REQUIRED,true,true,true,true,920180_爱得科技_招股说明书.pdf,920180_爱得科技_发行公告.pdf,920180_爱得科技_发行结果公告.pdf,920180_爱得科技_上市公告书.pdf,,
920166,海圣医疗,2026-02-04,2026-02-09,2026-02-12,12.64,1129.4118,10164707,ONLINE_ISSUE_NUM,1.284819,642.3648,replay_dataset,508100,599409,101648,54254568700,issue_result:result,6857.777484,0.018735,5337.543788,5,533800,,false,true,25700,32.4848,508100,642.2384,top_apply_below_guaranteed_all_time_priority,true,all_top_apply_accounts,[],0,"{""available"":true,""method"":""top_apply_below_guaranteed"",""fit_quality"":""time_priority_label_with_account_gap"",""fit_confidence"":0.85,""fit_usable_for_tuning"":true,""fit_residuals"":{""allocated_account_residual"":-1,""allocated_lot_residual"":0,""valid_subscription_balance_residual_shares"":0.0,""unallocated_avg_over_cap_shares"":0.0,""unallocated_avg_under_zero_shares"":0.0,""unallocated_cap_utilization"":0.010311},""allocated_accounts"":101648,""allocated_lots_total"":101647,""average_lots_per_allocated_account"":0.9999901621281284,""unallocated_accounts"":497762,""unallocated_avg_shares"":5238.905340303197,""unallocated_avg_amount_wan"":6.621976350143241,""unallocated_cap_shares"":508100,""top_apply_below_guaranteed"":true,""buckets"":[{""allocated_lots"":1,""accounts"":101647,""threshold_shares"":508100,""threshold_amount_wan"":642.2384,""basis"":""top_apply_time_priority""}]}",time_priority_label_with_account_gap,0.85,true,"{""allocated_account_residual"":-1,""allocated_lot_residual"":0,""valid_subscription_balance_residual_shares"":0.0,""unallocated_avg_over_cap_shares"":0.0,""unallocated_avg_under_zero_shares"":0.0,""unallocated_cap_utilization"":0.010311}",1,6.621976,true,actual,true,false,true,ready_fractional,SUBSCRIPTION_AMOUNT_DISTRIBUTION/FRACTIONAL_THRESHOLD_SHARES|FRACTIONAL_TIME_PRIORITY_REQUIRED,true,true,true,true,920166_海圣医疗_招股说明书.pdf,920166_海圣医疗_发行公告.pdf,920166_海圣医疗_发行结果公告.pdf,920166_海圣医疗_上市公告书.pdf,,
920168,通宝光电,2026-02-09,2026-02-12,2026-02-26,16.17,1879.34,16914060,ONLINE_ISSUE_NUM,2.735004,1367.4969,replay_dataset,845700,606727,76346,54935510800,issue_result:result,8883.072096,0.030789,3247.919825,3,324800,525.2016,true,false,,,505200,816.9084,model_estimate_without_distribution,false,none,[],0,"{""available"":true,""method"":""account_lot_equation"",""fit_quality"":""rough_lot_account_fit"",""fit_confidence"":0.7,""fit_usable_for_tuning"":true,""fit_residuals"":{""allocated_account_residual"":0,""allocated_lot_residual"":0,""valid_subscription_balance_residual_shares"":0.0,""unallocated_avg_over_cap_shares"":0.0,""unallocated_avg_under_zero_shares"":0.0,""unallocated_cap_utilization"":0.034682},""allocated_accounts"":76346,""allocated_lots_total"":169141,""average_lots_per_allocated_account"":2.2154533308883244,""unallocated_accounts"":530381,""unallocated_avg_shares"":11261.343637875414,""unallocated_avg_amount_wan"":18.209592662444546,""unallocated_cap_shares"":324700,""residual_over_cap_shares"":0.0,""top_apply_below_guaranteed"":false,""buckets"":[{""allocated_lots"":3,""accounts"":46397,""threshold_shares"":845700,""threshold_amount_wan"":1367.4969,""basis"":""compressed_extra_lots""},{""allocated_lots"":2,""accounts"":1,""threshold_shares"":649600,""threshold_amount_wan"":1050.4032000000002,""basis"":""compressed_extra_lots""},{""allocated_lots"":1,""accounts"":29948,""threshold_shares"":324700,""threshold_amount_wan"":525.0399000000001,""basis"":""fractional_cutoff_estimate""}]}",rough_lot_account_fit,0.7,true,"{""allocated_account_residual"":0,""allocated_lot_residual"":0,""valid_subscription_balance_residual_shares"":0.0,""unallocated_avg_over_cap_shares"":0.0,""unallocated_avg_under_zero_shares"":0.0,""unallocated_cap_utilization"":0.034682}",3,18.209593,true,actual,true,true,true,ready_guaranteed,SUBSCRIPTION_AMOUNT_DISTRIBUTION/FRACTIONAL_THRESHOLD_SHARES|FRACTIONAL_TIME_PRIORITY_REQUIRED,true,true,true,true,920168_通宝光电_招股说明书.pdf,920168_通宝光电_发行公告.pdf,920168_通宝光电_发行结果公告.pdf,920168_通宝光电_上市公告书.pdf,,
920187,通领科技,2026-02-11,2026-02-24,2026-03-05,29.62,1560,14040000,ONLINE_ISSUE_NUM,4.158648,2079.324,replay_dataset,702000,523850,58344,28329476300,issue_result:result,8391.19088,0.04956,2017.768967,13,201800,597.7316,true,false,,,702000,2079.324,model_estimate_without_distribution,true,fractional_cutoff,[],0,"{""available"":true,""method"":""account_lot_equation"",""fit_quality"":""rough_lot_account_fit"",""fit_confidence"":0.7,""fit_usable_for_tuning"":true,""fit_residuals"":{""allocated_account_residual"":0,""allocated_lot_residual"":0,""valid_subscription_balance_residual_shares"":0.0,""unallocated_avg_over_cap_shares"":0.0,""unallocated_avg_under_zero_shares"":0.0,""unallocated_cap_utilization"":0.030644},""allocated_accounts"":58344,""allocated_lots_total"":140400,""average_lots_per_allocated_account"":2.406417112299465,""unallocated_accounts"":465506,""unallocated_avg_shares"":6180.985637134645,""unallocated_avg_amount_wan"":18.308079457192818,""unallocated_cap_shares"":201700,""residual_over_cap_shares"":0.0,""top_apply_below_guaranteed"":false,""buckets"":[{""allocated_lots"":4,""accounts"":27352,""threshold_shares"":702000,""threshold_amount_wan"":2079.324,""basis"":""compressed_extra_lots""},{""allocated_lots"":1,""accounts"":30992,""threshold_shares"":201700,""threshold_amount_wan"":597.4354,""basis"":""fractional_cutoff_estimate""}]}",rough_lot_account_fit,0.7,true,"{""allocated_account_residual"":0,""allocated_lot_residual"":0,""valid_subscription_balance_residual_shares"":0.0,""unallocated_avg_over_cap_shares"":0.0,""unallocated_avg_under_zero_shares"":0.0,""unallocated_cap_utilization"":0.030644}",2,18.308079,true,actual,true,true,true,ready_guaranteed,SUBSCRIPTION_AMOUNT_DISTRIBUTION/FRACTIONAL_THRESHOLD_SHARES|FRACTIONAL_TIME_PRIORITY_REQUIRED,true,true,true,true,920187_通领科技_招股说明书.pdf,920187_通领科技_发行公告.pdf,920187_通领科技_发行结果公告.pdf,920187_通领科技_上市公告书.pdf,,
920183,海菲曼,2026-02-24,2026-02-27,2026-03-04,19.71,1052.702,9474318,ONLINE_ISSUE_NUM,1.867388,933.6627,replay_dataset,473700,558082,61060,36591717500,issue_result:result,7212.227519,0.025892,3862.200688,3,386300,761,true,false,,,473700,933.6627,manual_ladder,true,fractional_cutoff,[],0,"{""available"":true,""method"":""account_lot_equation"",""fit_quality"":""rough_lot_account_fit"",""fit_confidence"":0.7,""fit_usable_for_tuning"":true,""fit_residuals"":{""allocated_account_residual"":0,""allocated_lot_residual"":0,""valid_subscription_balance_residual_shares"":0.0,""unallocated_avg_over_cap_shares"":0.0,""unallocated_avg_under_zero_shares"":0.0,""unallocated_cap_utilization"":0.052426},""allocated_accounts"":61060,""allocated_lots_total"":94743,""average_lots_per_allocated_account"":1.5516377333770062,""unallocated_accounts"":497022,""unallocated_avg_shares"":20246.755676811088,""unallocated_avg_amount_wan"":39.90635543899466,""unallocated_cap_shares"":386200,""residual_over_cap_shares"":0.0,""top_apply_below_guaranteed"":false,""buckets"":[{""allocated_lots"":2,""accounts"":33683,""threshold_shares"":473700,""threshold_amount_wan"":933.6627,""basis"":""compressed_extra_lots""},{""allocated_lots"":1,""accounts"":27377,""threshold_shares"":386200,""threshold_amount_wan"":761.2002,""basis"":""fractional_cutoff_estimate""}]}",rough_lot_account_fit,0.7,true,"{""allocated_account_residual"":0,""allocated_lot_residual"":0,""valid_subscription_balance_residual_shares"":0.0,""unallocated_avg_over_cap_shares"":0.0,""unallocated_avg_under_zero_shares"":0.0,""unallocated_cap_utilization"":0.052426}",2,39.906355,true,actual,true,true,true,manual_ladder,,true,true,true,true,920183_海菲曼_招股说明书.pdf,920183_海菲曼_发行公告.pdf,920183_海菲曼_发行结果公告.pdf,920183_海菲曼_上市公告书.pdf,,
920036,觅睿科技,2026-02-26,2026-03-03,2026-03-09,21.52,1360.55,12244950,ONLINE_ISSUE_NUM,2.635113,1317.4544,replay_dataset,612200,596821,64503,38441842200,issue_result:result,8272.684441,0.031853,3139.403771,5,314000,676,true,false,,,365241.635688,786,manual_ladder,false,none,[],0,"{""available"":true,""method"":""account_lot_equation"",""fit_quality"":""rough_lot_account_fit"",""fit_confidence"":0.7,""fit_usable_for_tuning"":true,""fit_residuals"":{""allocated_account_residual"":0,""allocated_lot_residual"":0,""valid_subscription_balance_residual_shares"":0.0,""unallocated_avg_over_cap_shares"":0.0,""unallocated_avg_under_zero_shares"":0.0,""unallocated_cap_utilization"":0.00544},""allocated_accounts"":64503,""allocated_lots_total"":122449,""average_lots_per_allocated_account"":1.8983458133730213,""unallocated_accounts"":532318,""unallocated_avg_shares"":1707.7361652245463,""unallocated_avg_amount_wan"":3.675048227563224,""unallocated_cap_shares"":313900,""residual_over_cap_shares"":0.0,""top_apply_below_guaranteed"":false,""buckets"":[{""allocated_lots"":2,""accounts"":57946,""threshold_shares"":612200,""threshold_amount_wan"":1317.4544,""basis"":""compressed_extra_lots""},{""allocated_lots"":1,""accounts"":6557,""threshold_shares"":313900,""threshold_amount_wan"":675.5128,""basis"":""fractional_cutoff_estimate""}]}",rough_lot_account_fit,0.7,true,"{""allocated_account_residual"":0,""allocated_lot_residual"":0,""valid_subscription_balance_residual_shares"":0.0,""unallocated_avg_over_cap_shares"":0.0,""unallocated_avg_under_zero_shares"":0.0,""unallocated_cap_utilization"":0.00544}",2,3.675048,true,actual,true,true,true,manual_ladder,,true,true,true,true,920036_觅睿科技_招股说明书.pdf,920036_觅睿科技_发行公告.pdf,920036_觅睿科技_发行结果公告.pdf,920036_觅睿科技_上市公告书.pdf,,
920078,族兴新材,2026-03-09,2026-03-12,2026-03-18,6.98,2300,20700000,ONLINE_ISSUE_NUM,1.44486,722.43,replay_dataset,1034900,504409,99679,98900379000,issue_result:result,6903.246454,0.02093,4777.796087,3,477800,333.75,true,false,,,1035000,722.43,manual_ladder,true,none,[],0,"{""available"":true,""method"":""account_lot_equation"",""fit_quality"":""rough_lot_account_fit"",""fit_confidence"":0.7,""fit_usable_for_tuning"":true,""fit_residuals"":{""allocated_account_residual"":0,""allocated_lot_residual"":0,""valid_subscription_balance_residual_shares"":0.0,""unallocated_avg_over_cap_shares"":0.0,""unallocated_avg_under_zero_shares"":0.0,""unallocated_cap_utilization"":0.110603},""allocated_accounts"":99679,""allocated_lots_total"":207000,""average_lots_per_allocated_account"":2.076666098175142,""unallocated_accounts"":404730,""unallocated_avg_shares"":52834.95367281892,""unallocated_avg_amount_wan"":36.87879766362761,""unallocated_cap_shares"":477700,""residual_over_cap_shares"":0.0,""top_apply_below_guaranteed"":false,""buckets"":[{""allocated_lots"":3,""accounts"":53660,""threshold_shares"":1034900,""threshold_amount_wan"":722.3602,""basis"":""compressed_extra_lots""},{""allocated_lots"":2,""accounts"":1,""threshold_shares"":955600,""threshold_amount_wan"":667.0088,""basis"":""compressed_extra_lots""},{""allocated_lots"":1,""accounts"":46018,""threshold_shares"":477700,""threshold_amount_wan"":333.4346,""basis"":""fractional_cutoff_estimate""}]}",rough_lot_account_fit,0.7,true,"{""allocated_account_residual"":0,""allocated_lot_residual"":0,""valid_subscription_balance_residual_shares"":0.0,""unallocated_avg_over_cap_shares"":0.0,""unallocated_avg_under_zero_shares"":0.0,""unallocated_cap_utilization"":0.110603}",3,36.878798,true,actual,true,true,true,manual_ladder,,true,true,true,true,920078_族兴新材_招股说明书.pdf,920078_族兴新材_发行公告.pdf,920078_族兴新材_发行结果公告.pdf,920078_族兴新材_上市公告书.pdf,,
920028,新恒泰,2026-03-11,2026-03-16,2026-03-20,9.4,4109,36981000,ONLINE_ISSUE_NUM,3.476214,1738.06,replay_dataset,1849000,583489,97483,98777536900,issue_result:result,9285.088469,0.037439,2671.034772,5,267200,251.2,true,false,,,600000,564,manual_ladder,false,none,[],0,"{""available"":true,""method"":""account_lot_equation"",""fit_quality"":""rough_lot_account_fit"",""fit_confidence"":0.7,""fit_usable_for_tuning"":true,""fit_residuals"":{""allocated_account_residual"":0,""allocated_lot_residual"":0,""valid_subscription_balance_residual_shares"":0.0,""unallocated_avg_over_cap_shares"":0.0,""unallocated_avg_under_zero_shares"":0.0,""unallocated_cap_utilization"":0.007247},""allocated_accounts"":97483,""allocated_lots_total"":369810,""average_lots_per_allocated_account"":3.7935845224295517,""unallocated_accounts"":486006,""unallocated_avg_shares"":1935.7717805953014,""unallocated_avg_amount_wan"":1.8196254737595834,""unallocated_cap_shares"":267100,""residual_over_cap_shares"":0.0,""top_apply_below_guaranteed"":false,""buckets"":[{""allocated_lots"":7,""accounts"":45387,""threshold_shares"":1849000,""threshold_amount_wan"":1738.06,""basis"":""compressed_extra_lots""},{""allocated_lots"":6,""accounts"":1,""threshold_shares"":1602700,""threshold_amount_wan"":1506.538,""basis"":""compressed_extra_lots""},{""allocated_lots"":1,""accounts"":52095,""threshold_shares"":267100,""threshold_amount_wan"":251.074,""basis"":""fractional_cutoff_estimate""}]}",rough_lot_account_fit,0.7,true,"{""allocated_account_residual"":0,""allocated_lot_residual"":0,""valid_subscription_balance_residual_shares"":0.0,""unallocated_avg_over_cap_shares"":0.0,""unallocated_avg_under_zero_shares"":0.0,""unallocated_cap_utilization"":0.007247}",3,1.819625,true,actual,true,true,true,manual_ladder,,true,true,true,true,920028_新恒泰_招股说明书.pdf,920028_新恒泰_发行公告.pdf,920028_新恒泰_发行结果公告.pdf,920028_新恒泰_上市公告书.pdf,,
920188,悦龙科技,2026-03-16,2026-03-19,2026-03-30,14.04,2199.3198,19793879,ONLINE_ISSUE_NUM,2.779061,1389.3984,replay_dataset,989600,459908,82091,63279684500,issue_result:result,8884.467704,0.03128,3196.931966,3,319700,449.28,true,false,,,712101.139601,999.79,manual_ladder,false,none,[],0,"{""available"":true,""method"":""account_lot_equation"",""fit_quality"":""rough_lot_account_fit"",""fit_confidence"":0.7,""fit_usable_for_tuning"":true,""fit_residuals"":{""allocated_account_residual"":0,""allocated_lot_residual"":0,""valid_subscription_balance_residual_shares"":0.0,""unallocated_avg_over_cap_shares"":0.0,""unallocated_avg_under_zero_shares"":0.0,""unallocated_cap_utilization"":0.092511},""allocated_accounts"":82091,""allocated_lots_total"":197939,""average_lots_per_allocated_account"":2.411214384037227,""unallocated_accounts"":377817,""unallocated_avg_shares"":29566.37975527835,""unallocated_avg_amount_wan"":41.511197176410796,""unallocated_cap_shares"":319600,""residual_over_cap_shares"":0.0,""top_apply_below_guaranteed"":false,""buckets"":[{""allocated_lots"":4,""accounts"":38616,""threshold_shares"":989600,""threshold_amount_wan"":1389.3984,""basis"":""compressed_extra_lots""},{""allocated_lots"":1,""accounts"":43475,""threshold_shares"":319600,""threshold_amount_wan"":448.7184,""basis"":""fractional_cutoff_estimate""}]}",rough_lot_account_fit,0.7,true,"{""allocated_account_residual"":0,""allocated_lot_residual"":0,""valid_subscription_balance_residual_shares"":0.0,""unallocated_avg_over_cap_shares"":0.0,""unallocated_avg_under_zero_shares"":0.0,""unallocated_cap_utilization"":0.092511}",2,41.511197,true,actual,true,true,true,manual_ladder,,true,true,true,true,920188_悦龙科技_招股说明书.pdf,920188_悦龙科技_发行公告.pdf,920188_悦龙科技_发行结果公告.pdf,920188_悦龙科技_上市公告书.pdf,,
920069,普昂医疗,2026-03-18,2026-03-23,2026-03-27,18.38,1058.28,9524520,ONLINE_ISSUE_NUM,1.750607,875.2556,replay_dataset,476200,449859,65409,37659663300,issue_result:result,6921.846115,0.025291,3953.96968,5,395400,726.7452,true,false,,,476200,875.2556,model_estimate_without_distribution,true,fractional_cutoff,[],0,"{""available"":true,""method"":""account_lot_equation"",""fit_quality"":""rough_lot_account_fit"",""fit_confidence"":0.7,""fit_usable_for_tuning"":true,""fit_residuals"":{""allocated_account_residual"":0,""allocated_lot_residual"":0,""valid_subscription_balance_residual_shares"":0.0,""unallocated_avg_over_cap_shares"":0.0,""unallocated_avg_under_zero_shares"":0.0,""unallocated_cap_utilization"":0.061786},""allocated_accounts"":65409,""allocated_lots_total"":95245,""average_lots_per_allocated_account"":1.4561451787980246,""unallocated_accounts"":384450,""unallocated_avg_shares"":24423.860580049422,""unallocated_avg_amount_wan"":44.89105574613084,""unallocated_cap_shares"":395300,""residual_over_cap_shares"":0.0,""top_apply_below_guaranteed"":false,""buckets"":[{""allocated_lots"":2,""accounts"":29836,""threshold_shares"":476200,""threshold_amount_wan"":875.2556,""basis"":""compressed_extra_lots""},{""allocated_lots"":1,""accounts"":35573,""threshold_shares"":395300,""threshold_amount_wan"":726.5614,""basis"":""fractional_cutoff_estimate""}]}",rough_lot_account_fit,0.7,true,"{""allocated_account_residual"":0,""allocated_lot_residual"":0,""valid_subscription_balance_residual_shares"":0.0,""unallocated_avg_over_cap_shares"":0.0,""unallocated_avg_under_zero_shares"":0.0,""unallocated_cap_utilization"":0.061786}",2,44.891056,true,actual,true,true,true,ready_guaranteed,SUBSCRIPTION_AMOUNT_DISTRIBUTION/FRACTIONAL_THRESHOLD_SHARES|FRACTIONAL_TIME_PRIORITY_REQUIRED,true,true,true,true,920069_普昂医疗_招股说明书.pdf,920069_普昂医疗_发行公告.pdf,920069_普昂医疗_发行结果公告.pdf,920069_普昂医疗_上市公告书.pdf,,
920055,隆源股份,2026-03-23,2026-03-26,2026-03-31,24.7,1700,15300000,ONLINE_ISSUE_NUM,3.7791,1889.55,replay_dataset,765000,386466,66399,35230400600,issue_result:result,8701.908948,0.043428,2302.640562,3,230300,569.2,true,false,,,438599.190283,1083.34,manual_ladder,false,fractional_cutoff,[],0,"{""available"":true,""method"":""account_lot_equation"",""fit_quality"":""rough_lot_account_fit"",""fit_confidence"":0.7,""fit_usable_for_tuning"":true,""fit_residuals"":{""allocated_account_residual"":0,""allocated_lot_residual"":0,""valid_subscription_balance_residual_shares"":0.0,""unallocated_avg_over_cap_shares"":0.0,""unallocated_avg_under_zero_shares"":0.0,""unallocated_cap_utilization"":0.061174},""allocated_accounts"":66399,""allocated_lots_total"":153000,""average_lots_per_allocated_account"":2.304251570053766,""unallocated_accounts"":320067,""unallocated_avg_shares"":14082.299018642972,""unallocated_avg_amount_wan"":34.78327857604814,""unallocated_cap_shares"":230200,""residual_over_cap_shares"":0.0,""top_apply_below_guaranteed"":false,""buckets"":[{""allocated_lots"":4,""accounts"":28867,""threshold_shares"":765000,""threshold_amount_wan"":1889.55,""basis"":""compressed_extra_lots""},{""allocated_lots"":1,""accounts"":37532,""threshold_shares"":230200,""threshold_amount_wan"":568.594,""basis"":""fractional_cutoff_estimate""}]}",rough_lot_account_fit,0.7,true,"{""allocated_account_residual"":0,""allocated_lot_residual"":0,""valid_subscription_balance_residual_shares"":0.0,""unallocated_avg_over_cap_shares"":0.0,""unallocated_avg_under_zero_shares"":0.0,""unallocated_cap_utilization"":0.061174}",2,34.783279,true,actual,true,true,true,manual_ladder,,true,true,true,true,920055_隆源股份_招股说明书.pdf,920055_隆源股份_发行公告.pdf,920055_隆源股份_发行结果公告.pdf,920055_隆源股份_上市公告书.pdf,,
920011,晨光电机,2026-03-25,2026-03-30,2026-04-08,15.5,2066.6667,18600001,ONLINE_ISSUE_NUM,2.883,1441.5,replay_dataset,930000,501926,78286,57847240800,issue_result:result,8966.322324,0.032154,3110.066542,5,311100,482,true,false,,,520600,806.93,manual_ladder,false,none,[],0,"{""available"":true,""method"":""account_lot_equation"",""fit_quality"":""rough_lot_account_fit"",""fit_confidence"":0.7,""fit_usable_for_tuning"":true,""fit_residuals"":{""allocated_account_residual"":0,""allocated_lot_residual"":0,""valid_subscription_balance_residual_shares"":0.0,""unallocated_avg_over_cap_shares"":0.0,""unallocated_avg_under_zero_shares"":0.0,""unallocated_cap_utilization"":0.001236},""allocated_accounts"":78286,""allocated_lots_total"":186000,""average_lots_per_allocated_account"":2.3759037375776,""unallocated_accounts"":423640,""unallocated_avg_shares"":384.3164007175904,""unallocated_avg_amount_wan"":0.5956904211122651,""unallocated_cap_shares"":311000,""residual_over_cap_shares"":0.0,""top_apply_below_guaranteed"":false,""buckets"":[{""allocated_lots"":3,""accounts"":53857,""threshold_shares"":930000,""threshold_amount_wan"":1441.5,""basis"":""compressed_extra_lots""},{""allocated_lots"":1,""accounts"":24429,""threshold_shares"":311000,""threshold_amount_wan"":482.05,""basis"":""fractional_cutoff_estimate""}]}",rough_lot_account_fit,0.7,true,"{""allocated_account_residual"":0,""allocated_lot_residual"":0,""valid_subscription_balance_residual_shares"":0.0,""unallocated_avg_over_cap_shares"":0.0,""unallocated_avg_under_zero_shares"":0.0,""unallocated_cap_utilization"":0.001236}",2,0.59569,true,actual,true,true,true,manual_ladder,,true,true,true,true,920011_晨光电机_招股说明书.pdf,920011_晨光电机_发行公告.pdf,920011_晨光电机_发行结果公告.pdf,920011_晨光电机_上市公告书.pdf,,
920181,赛英电子,2026-03-30,2026-04-02,2026-04-10,28,1080,9720000,ONLINE_ISSUE_NUM,2.7216,1360.8,replay_dataset,486000,382324,47959,23228262500,issue_result:result,6503.9135,0.041846,2389.73894,3,239000,669.2,true,false,,,478000,1338.4,model_estimate_without_distribution,true,fractional_cutoff,[],0,"{""available"":true,""method"":""account_lot_equation"",""fit_quality"":""rough_lot_account_fit"",""fit_confidence"":0.7,""fit_usable_for_tuning"":true,""fit_residuals"":{""allocated_account_residual"":0,""allocated_lot_residual"":0,""valid_subscription_balance_residual_shares"":0.0,""unallocated_avg_over_cap_shares"":0.0,""unallocated_avg_under_zero_shares"":0.0,""unallocated_cap_utilization"":0.071195},""allocated_accounts"":47959,""allocated_lots_total"":97200,""average_lots_per_allocated_account"":2.0267311662044665,""unallocated_accounts"":334365,""unallocated_avg_shares"":17008.40787761877,""unallocated_avg_amount_wan"":47.62354205733256,""unallocated_cap_shares"":238900,""residual_over_cap_shares"":0.0,""top_apply_below_guaranteed"":false,""buckets"":[{""allocated_lots"":3,""accounts"":24620,""threshold_shares"":486000,""threshold_amount_wan"":1360.8,""basis"":""compressed_extra_lots""},{""allocated_lots"":2,""accounts"":1,""threshold_shares"":478000,""threshold_amount_wan"":1338.4,""basis"":""compressed_extra_lots""},{""allocated_lots"":1,""accounts"":23338,""threshold_shares"":238900,""threshold_amount_wan"":668.92,""basis"":""fractional_cutoff_estimate""}]}",rough_lot_account_fit,0.7,true,"{""allocated_account_residual"":0,""allocated_lot_residual"":0,""valid_subscription_balance_residual_shares"":0.0,""unallocated_avg_over_cap_shares"":0.0,""unallocated_avg_under_zero_shares"":0.0,""unallocated_cap_utilization"":0.071195}",3,47.623542,true,actual,true,true,true,ready_guaranteed,SUBSCRIPTION_AMOUNT_DISTRIBUTION/FRACTIONAL_THRESHOLD_SHARES|FRACTIONAL_TIME_PRIORITY_REQUIRED,true,true,true,true,920181_赛英电子_招股说明书.pdf,920181_赛英电子_发行公告.pdf,920181_赛英电子_发行结果公告.pdf,920181_赛英电子_上市公告书.pdf,,
920012,创达新材,2026-04-01,2026-04-07,2026-04-13,19.58,1232.9345,11096411,ONLINE_ISSUE_NUM,2.172677,1086.2984,replay_dataset,554800,489894,65615,41265396200,issue_result:result,8079.764576,0.02689,3718.805675,6,371900,728.5,true,false,,,554800,1086.2984,manual_ladder,true,none,[],0,"{""available"":true,""method"":""account_lot_equation"",""fit_quality"":""rough_lot_account_fit"",""fit_confidence"":0.7,""fit_usable_for_tuning"":true,""fit_residuals"":{""allocated_account_residual"":0,""allocated_lot_residual"":0,""valid_subscription_balance_residual_shares"":0.0,""unallocated_avg_over_cap_shares"":0.0,""unallocated_avg_under_zero_shares"":0.0,""unallocated_cap_utilization"":0.054333},""allocated_accounts"":65615,""allocated_lots_total"":110964,""average_lots_per_allocated_account"":1.6911376971729026,""unallocated_accounts"":424279,""unallocated_avg_shares"":20201.02856846556,""unallocated_avg_amount_wan"":39.553613937055566,""unallocated_cap_shares"":371800,""residual_over_cap_shares"":0.0,""top_apply_below_guaranteed"":false,""buckets"":[{""allocated_lots"":2,""accounts"":45349,""threshold_shares"":554800,""threshold_amount_wan"":1086.2984,""basis"":""compressed_extra_lots""},{""allocated_lots"":1,""accounts"":20266,""threshold_shares"":371800,""threshold_amount_wan"":727.9843999999999,""basis"":""fractional_cutoff_estimate""}]}",rough_lot_account_fit,0.7,true,"{""allocated_account_residual"":0,""allocated_lot_residual"":0,""valid_subscription_balance_residual_shares"":0.0,""unallocated_avg_over_cap_shares"":0.0,""unallocated_avg_under_zero_shares"":0.0,""unallocated_cap_utilization"":0.054333}",2,39.553614,true,actual,true,true,true,manual_ladder,,true,true,true,true,920012_创达新材_招股说明书.pdf,920012_创达新材_发行公告.pdf,920012_创达新材_发行结果公告.pdf,920012_创达新材_上市公告书.pdf,,
920177,恒道科技,2026-04-07,2026-04-10,2026-04-16,21.8,1308,11772000,ONLINE_ISSUE_NUM,2.566296,1283.148,replay_dataset,588600,404935,63817,37203604900,issue_result:result,8110.385868,0.031642,3160.347001,3,316100,689.098,true,false,,,361500,788.07,model_estimate_without_distribution,false,none,[],0,"{""available"":true,""method"":""account_lot_equation"",""fit_quality"":""rough_lot_account_fit"",""fit_confidence"":0.7,""fit_usable_for_tuning"":true,""fit_residuals"":{""allocated_account_residual"":0,""allocated_lot_residual"":0,""valid_subscription_balance_residual_shares"":0.0,""unallocated_avg_over_cap_shares"":0.0,""unallocated_avg_under_zero_shares"":0.0,""unallocated_cap_utilization"":0.02174},""allocated_accounts"":63817,""allocated_lots_total"":117720,""average_lots_per_allocated_account"":1.84464954479214,""unallocated_accounts"":341118,""unallocated_avg_shares"":6869.983700654905,""unallocated_avg_amount_wan"":14.976564467427693,""unallocated_cap_shares"":316000,""residual_over_cap_shares"":0.0,""top_apply_below_guaranteed"":false,""buckets"":[{""allocated_lots"":2,""accounts"":53903,""threshold_shares"":588600,""threshold_amount_wan"":1283.148,""basis"":""compressed_extra_lots""},{""allocated_lots"":1,""accounts"":9914,""threshold_shares"":316000,""threshold_amount_wan"":688.88,""basis"":""fractional_cutoff_estimate""}]}",rough_lot_account_fit,0.7,true,"{""allocated_account_residual"":0,""allocated_lot_residual"":0,""valid_subscription_balance_residual_shares"":0.0,""unallocated_avg_over_cap_shares"":0.0,""unallocated_avg_under_zero_shares"":0.0,""unallocated_cap_utilization"":0.02174}",2,14.976564,true,actual,true,true,true,ready_guaranteed,SUBSCRIPTION_AMOUNT_DISTRIBUTION/FRACTIONAL_THRESHOLD_SHARES|FRACTIONAL_TIME_PRIORITY_REQUIRED,true,true,true,true,920177_恒道科技_招股说明书.pdf,920177_恒道科技_发行公告.pdf,920177_恒道科技_发行结果公告.pdf,920177_恒道科技_上市公告书.pdf,,
920191,瑞尔竞达,2026-04-09,2026-04-14,2026-04-20,7.71,4435,39915000,ONLINE_ISSUE_NUM,3.077447,1538.6847,replay_dataset,1995700,460563,93651,115166902400,issue_result:result,8879.368175,0.034658,2885.303831,5,288600,223.315,true,false,,,708949.416342,546.6,manual_ladder,false,none,[],0,"{""available"":true,""method"":""account_lot_equation"",""fit_quality"":""rough_lot_account_fit"",""fit_confidence"":0.7,""fit_usable_for_tuning"":true,""fit_residuals"":{""allocated_account_residual"":0,""allocated_lot_residual"":0,""valid_subscription_balance_residual_shares"":0.0,""unallocated_avg_over_cap_shares"":0.0,""unallocated_avg_under_zero_shares"":0.0,""unallocated_cap_utilization"":0.011562},""allocated_accounts"":93651,""allocated_lots_total"":399150,""average_lots_per_allocated_account"":4.262100778422013,""unallocated_accounts"":366912,""unallocated_avg_shares"":3335.7535321821038,""unallocated_avg_amount_wan"":2.571865973312402,""unallocated_cap_shares"":288500,""residual_over_cap_shares"":0.0,""top_apply_below_guaranteed"":false,""buckets"":[{""allocated_lots"":7,""accounts"":50916,""threshold_shares"":1995700,""threshold_amount_wan"":1538.6847,""basis"":""compressed_extra_lots""},{""allocated_lots"":4,""accounts"":1,""threshold_shares"":1154200,""threshold_amount_wan"":889.8882,""basis"":""compressed_extra_lots""},{""allocated_lots"":1,""accounts"":42734,""threshold_shares"":288500,""threshold_amount_wan"":222.4335,""basis"":""fractional_cutoff_estimate""}]}",rough_lot_account_fit,0.7,true,"{""allocated_account_residual"":0,""allocated_lot_residual"":0,""valid_subscription_balance_residual_shares"":0.0,""unallocated_avg_over_cap_shares"":0.0,""unallocated_avg_under_zero_shares"":0.0,""unallocated_cap_utilization"":0.011562}",3,2.571866,true,actual,true,true,true,manual_ladder,,true,true,true,true,920191_瑞尔竞达_招股说明书.pdf,920191_瑞尔竞达_发行公告.pdf,920191_瑞尔竞达_发行结果公告.pdf,920191_瑞尔竞达_上市公告书.pdf,,
920125,鸿仕达,2026-04-13,2026-04-16,2026-04-24,16.57,1350,12150000,ONLINE_ISSUE_NUM,2.013255,1006.6275,replay_dataset,607500,523224,72162,49511132600,issue_result:result,8203.994672,0.02454,4074.990337,3,407500,675.39,true,false,,,607500,1006.6275,manual_ladder,true,none,[],0,"{""available"":true,""method"":""account_lot_equation"",""fit_quality"":""rough_lot_account_fit"",""fit_confidence"":0.7,""fit_usable_for_tuning"":true,""fit_residuals"":{""allocated_account_residual"":0,""allocated_lot_residual"":0,""valid_subscription_balance_residual_shares"":0.0,""unallocated_avg_over_cap_shares"":0.0,""unallocated_avg_under_zero_shares"":0.0,""unallocated_cap_utilization"":0.055723},""allocated_accounts"":72162,""allocated_lots_total"":121500,""average_lots_per_allocated_account"":1.683711648790222,""unallocated_accounts"":451062,""unallocated_avg_shares"":22701.53548736094,""unallocated_avg_amount_wan"":37.61644430255708,""unallocated_cap_shares"":407400,""residual_over_cap_shares"":0.0,""top_apply_below_guaranteed"":false,""buckets"":[{""allocated_lots"":2,""accounts"":49338,""threshold_shares"":607500,""threshold_amount_wan"":1006.6275,""basis"":""compressed_extra_lots""},{""allocated_lots"":1,""accounts"":22824,""threshold_shares"":407400,""threshold_amount_wan"":675.0618,""basis"":""fractional_cutoff_estimate""}]}",rough_lot_account_fit,0.7,true,"{""allocated_account_residual"":0,""allocated_lot_residual"":0,""valid_subscription_balance_residual_shares"":0.0,""unallocated_avg_over_cap_shares"":0.0,""unallocated_avg_under_zero_shares"":0.0,""unallocated_cap_utilization"":0.055723}",2,37.616444,true,actual,true,true,true,manual_ladder,,true,true,true,true,920125_鸿仕达_招股说明书.pdf,920125_鸿仕达_发行公告.pdf,920125_鸿仕达_发行结果公告.pdf,920125_鸿仕达_上市公告书.pdf,,
920156,海昌智能,2026-04-15,2026-04-20,2026-04-27,20.93,2412,21708000,ONLINE_ISSUE_NUM,4.543484,2271.7422,replay_dataset,1085400,522014,74732,49379750800,issue_result:result,10335.181842,0.043961,2274.725944,5,227500,476.27,true,false,,,293401.815576,614.09,manual_ladder,false,none,[],0,"{""available"":true,""method"":""account_lot_equation"",""fit_quality"":""rough_lot_account_fit"",""fit_confidence"":0.7,""fit_usable_for_tuning"":true,""fit_residuals"":{""allocated_account_residual"":0,""allocated_lot_residual"":0,""valid_subscription_balance_residual_shares"":0.0,""unallocated_avg_over_cap_shares"":0.0,""unallocated_avg_under_zero_shares"":0.0,""unallocated_cap_utilization"":0.018209},""allocated_accounts"":74732,""allocated_lots_total"":217080,""average_lots_per_allocated_account"":2.9047797462934217,""unallocated_accounts"":447282,""unallocated_avg_shares"":4140.671880379716,""unallocated_avg_amount_wan"":8.666426245634746,""unallocated_cap_shares"":227400,""residual_over_cap_shares"":0.0,""top_apply_below_guaranteed"":false,""buckets"":[{""allocated_lots"":5,""accounts"":35587,""threshold_shares"":1085400,""threshold_amount_wan"":2271.7422,""basis"":""compressed_extra_lots""},{""allocated_lots"":1,""accounts"":39145,""threshold_shares"":227400,""threshold_amount_wan"":475.9482,""basis"":""fractional_cutoff_estimate""}]}",rough_lot_account_fit,0.7,true,"{""allocated_account_residual"":0,""allocated_lot_residual"":0,""valid_subscription_balance_residual_shares"":0.0,""unallocated_avg_over_cap_shares"":0.0,""unallocated_avg_under_zero_shares"":0.0,""unallocated_cap_utilization"":0.018209}",2,8.666426,true,actual,true,true,true,manual_ladder,,true,true,true,true,920156_海昌智能_招股说明书.pdf,920156_海昌智能_发行公告.pdf,920156_海昌智能_发行结果公告.pdf,920156_海昌智能_上市公告书.pdf,,
920186,中科仪,2026-04-20,2026-04-23,2026-04-29,16.21,5200,23400000,ONLINE_ISSUE_NUM,3.79314,1517.256,replay_dataset,936000,,83713,60968456172,issue_result:result,9882.986745,0.038381,2605.48958,3,260600,422.4326,true,false,,,370700,600.9047,model_estimate_without_distribution,false,none,[],0,{},,,false,{},0,,false,actual,true,true,true,ready_guaranteed,ONLINE_VA_SHARES/FROZEN_FUNDS_YI|ONLINE_VA_NUM|SUBSCRIPTION_AMOUNT_DISTRIBUTION/FRACTIONAL_THRESHOLD_SHARES|FRACTIONAL_TIME_PRIORITY_REQUIRED,true,true,true,true,920186_中科仪_招股说明书.pdf,920186_中科仪_发行公告.pdf,920186_中科仪_发行结果公告.pdf,920186_中科仪_上市公告书.pdf,,
920200,振宏股份,2026-04-22,2026-04-27,2026-05-07,20.58,2291,20619000,ONLINE_ISSUE_NUM,4.24339,2121.5922,replay_dataset,1030900,540664,79130,50066176100,issue_result:result,10303.619041,0.041183,2428.157335,5,242900,500,true,false,,,536686.103013,1104.5,manual_ladder,false,none,[],0,"{""available"":true,""method"":""account_lot_equation"",""fit_quality"":""rough_lot_account_fit"",""fit_confidence"":0.7,""fit_usable_for_tuning"":true,""fit_residuals"":{""allocated_account_residual"":0,""allocated_lot_residual"":0,""valid_subscription_balance_residual_shares"":0.0,""unallocated_avg_over_cap_shares"":0.0,""unallocated_avg_under_zero_shares"":0.0,""unallocated_cap_utilization"":0.051931},""allocated_accounts"":79130,""allocated_lots_total"":206190,""average_lots_per_allocated_account"":2.6057121192973587,""unallocated_accounts"":461534,""unallocated_avg_shares"":12608.85568560496,""unallocated_avg_amount_wan"":25.949025000975006,""unallocated_cap_shares"":242800,""residual_over_cap_shares"":0.0,""top_apply_below_guaranteed"":false,""buckets"":[{""allocated_lots"":5,""accounts"":31765,""threshold_shares"":1030900,""threshold_amount_wan"":2121.5922,""basis"":""compressed_extra_lots""},{""allocated_lots"":1,""accounts"":47365,""threshold_shares"":242800,""threshold_amount_wan"":499.6824,""basis"":""fractional_cutoff_estimate""}]}",rough_lot_account_fit,0.7,true,"{""allocated_account_residual"":0,""allocated_lot_residual"":0,""valid_subscription_balance_residual_shares"":0.0,""unallocated_avg_over_cap_shares"":0.0,""unallocated_avg_under_zero_shares"":0.0,""unallocated_cap_utilization"":0.051931}",2,25.949025,true,actual,true,true,true,manual_ladder,,true,true,true,true,920200_振宏股份_招股说明书.pdf,920200_振宏股份_发行公告.pdf,920200_振宏股份_发行结果公告.pdf,920200_振宏股份_上市公告书.pdf,,
920178,锐翔智能,2026-04-27,2026-04-30,2026-05-15,29.47,1374.618,12371562,ONLINE_ISSUE_NUM,3.645899,1822.7195,replay_dataset,618500,457769,60620,32728960200,issue_result:result,9645.224571,0.0378,2645.499428,3,264600,780,true,false,,,529351.883271,1560,manual_ladder,false,none,[],0,"{""available"":true,""method"":""account_lot_equation"",""fit_quality"":""rough_lot_account_fit"",""fit_confidence"":0.7,""fit_usable_for_tuning"":true,""fit_residuals"":{""allocated_account_residual"":0,""allocated_lot_residual"":0,""valid_subscription_balance_residual_shares"":0.0,""unallocated_avg_over_cap_shares"":0.0,""unallocated_avg_under_zero_shares"":0.0,""unallocated_cap_utilization"":0.052615},""allocated_accounts"":60620,""allocated_lots_total"":123716,""average_lots_per_allocated_account"":2.0408446057406797,""unallocated_accounts"":397149,""unallocated_avg_shares"":13916.636325409356,""unallocated_avg_amount_wan"":41.01232725098137,""unallocated_cap_shares"":264500,""residual_over_cap_shares"":0.0,""top_apply_below_guaranteed"":false,""buckets"":[{""allocated_lots"":3,""accounts"":31548,""threshold_shares"":618500,""threshold_amount_wan"":1822.7195,""basis"":""compressed_extra_lots""},{""allocated_lots"":1,""accounts"":29072,""threshold_shares"":264500,""threshold_amount_wan"":779.4815,""basis"":""fractional_cutoff_estimate""}]}",rough_lot_account_fit,0.7,true,"{""allocated_account_residual"":0,""allocated_lot_residual"":0,""valid_subscription_balance_residual_shares"":0.0,""unallocated_avg_over_cap_shares"":0.0,""unallocated_avg_under_zero_shares"":0.0,""unallocated_cap_utilization"":0.052615}",2,41.012327,true,actual,true,true,true,manual_ladder,,true,true,true,true,920178_锐翔智能_招股说明书.pdf,920178_锐翔智能_发行公告.pdf,920178_锐翔智能_发行结果公告.pdf,920178_锐翔智能_上市公告书.pdf,,
920096,嘉晨智能,2026-05-06,2026-05-11,2026-05-18,14.43,1800,16200000,ONLINE_ISSUE_NUM,2.33766,1168.83,replay_dataset,810000,502296,77388,60454637500,issue_result:result,8723.604191,0.026797,3731.767747,5,373200,540.5,true,false,,,810000,1168.83,manual_ladder,true,none,[],0,"{""available"":true,""method"":""account_lot_equation"",""fit_quality"":""rough_lot_account_fit"",""fit_confidence"":0.7,""fit_usable_for_tuning"":true,""fit_residuals"":{""allocated_account_residual"":0,""allocated_lot_residual"":0,""valid_subscription_balance_residual_shares"":0.0,""unallocated_avg_over_cap_shares"":0.0,""unallocated_avg_under_zero_shares"":0.0,""unallocated_cap_utilization"":0.082618},""allocated_accounts"":77388,""allocated_lots_total"":162000,""average_lots_per_allocated_account"":2.0933478058613737,""unallocated_accounts"":424908,""unallocated_avg_shares"":30824.75100492342,""unallocated_avg_amount_wan"":44.4801157001045,""unallocated_cap_shares"":373100,""residual_over_cap_shares"":0.0,""top_apply_below_guaranteed"":false,""buckets"":[{""allocated_lots"":3,""accounts"":42306,""threshold_shares"":810000,""threshold_amount_wan"":1168.83,""basis"":""compressed_extra_lots""},{""allocated_lots"":1,""accounts"":35082,""threshold_shares"":373100,""threshold_amount_wan"":538.3833,""basis"":""fractional_cutoff_estimate""}]}",rough_lot_account_fit,0.7,true,"{""allocated_account_residual"":0,""allocated_lot_residual"":0,""valid_subscription_balance_residual_shares"":0.0,""unallocated_avg_over_cap_shares"":0.0,""unallocated_avg_under_zero_shares"":0.0,""unallocated_cap_utilization"":0.082618}",2,44.480116,true,actual,true,true,true,manual_ladder,,true,true,true,true,920096_嘉晨智能_招股说明书.pdf,920096_嘉晨智能_发行公告.pdf,920096_嘉晨智能_发行结果公告.pdf,920096_嘉晨智能_上市公告书.pdf,,
920220,朗信电气,2026-05-13,2026-05-18,2026-05-22,28.29,1324.1252,11917127,ONLINE_ISSUE_NUM,3.371355,1685.5182,replay_dataset,595800,463923,60182,33421728800,issue_result:result,9455.007078,0.035657,2804.512262,5,280500,793.8,true,false,,,506185.931425,1432,manual_ladder,false,none,[],0,"{""available"":true,""method"":""account_lot_equation"",""fit_quality"":""rough_lot_account_fit"",""fit_confidence"":0.7,""fit_usable_for_tuning"":true,""fit_residuals"":{""allocated_account_residual"":0,""allocated_lot_residual"":0,""valid_subscription_balance_residual_shares"":0.0,""unallocated_avg_over_cap_shares"":0.0,""unallocated_avg_under_zero_shares"":0.0,""unallocated_cap_utilization"":0.063988},""allocated_accounts"":60182,""allocated_lots_total"":119171,""average_lots_per_allocated_account"":1.9801767970489514,""unallocated_accounts"":403741,""unallocated_avg_shares"":17942.214934822077,""unallocated_avg_amount_wan"":50.75852605061166,""unallocated_cap_shares"":280400,""residual_over_cap_shares"":0.0,""top_apply_below_guaranteed"":false,""buckets"":[{""allocated_lots"":3,""accounts"":29494,""threshold_shares"":595800,""threshold_amount_wan"":1685.5182,""basis"":""compressed_extra_lots""},{""allocated_lots"":2,""accounts"":1,""threshold_shares"":561000,""threshold_amount_wan"":1587.069,""basis"":""compressed_extra_lots""},{""allocated_lots"":1,""accounts"":30687,""threshold_shares"":280400,""threshold_amount_wan"":793.2516,""basis"":""fractional_cutoff_estimate""}]}",rough_lot_account_fit,0.7,true,"{""allocated_account_residual"":0,""allocated_lot_residual"":0,""valid_subscription_balance_residual_shares"":0.0,""unallocated_avg_over_cap_shares"":0.0,""unallocated_avg_under_zero_shares"":0.0,""unallocated_cap_utilization"":0.063988}",3,50.758526,true,actual,true,true,true,manual_ladder,,true,true,true,true,920220_朗信电气_招股说明书.pdf,920220_朗信电气_发行公告.pdf,920220_朗信电气_发行结果公告.pdf,920220_朗信电气_上市公告书.pdf,,
920161,龙辰科技,2026-05-18,2026-05-21,2026-05-27,9.21,3399.85,30598650,ONLINE_ISSUE_NUM,2.818136,1409.0379,replay_dataset,1529800,524020,93966,111647535300,issue_result:result,10282.738001,0.027406,3648.77324,3,364900,337.5,true,false,,,1107502.714441,1020.01,manual_ladder,false,none,[],0,"{""available"":true,""method"":""account_lot_equation"",""fit_quality"":""rough_lot_account_fit"",""fit_confidence"":0.7,""fit_usable_for_tuning"":true,""fit_residuals"":{""allocated_account_residual"":0,""allocated_lot_residual"":0,""valid_subscription_balance_residual_shares"":0.0,""unallocated_avg_over_cap_shares"":0.0,""unallocated_avg_under_zero_shares"":0.0,""unallocated_cap_utilization"":0.099551},""allocated_accounts"":93966,""allocated_lots_total"":305986,""average_lots_per_allocated_account"":3.2563480407807077,""unallocated_accounts"":430054,""unallocated_avg_shares"":36316.1684346617,""unallocated_avg_amount_wan"":33.447191128323425,""unallocated_cap_shares"":364800,""residual_over_cap_shares"":0.0,""top_apply_below_guaranteed"":false,""buckets"":[{""allocated_lots"":5,""accounts"":53005,""threshold_shares"":1529800,""threshold_amount_wan"":1408.9458000000002,""basis"":""compressed_extra_lots""},{""allocated_lots"":1,""accounts"":40961,""threshold_shares"":364800,""threshold_amount_wan"":335.98080000000004,""basis"":""fractional_cutoff_estimate""}]}",rough_lot_account_fit,0.7,true,"{""allocated_account_residual"":0,""allocated_lot_residual"":0,""valid_subscription_balance_residual_shares"":0.0,""unallocated_avg_over_cap_shares"":0.0,""unallocated_avg_under_zero_shares"":0.0,""unallocated_cap_utilization"":0.099551}",2,33.447191,true,actual,true,true,true,manual_ladder,,true,true,true,true,920161_龙辰科技_招股说明书.pdf,920161_龙辰科技_发行公告.pdf,920161_龙辰科技_发行结果公告.pdf,920161_龙辰科技_上市公告书.pdf,,
920218,新天力,2026-05-20,2026-05-25,2026-05-29,12.19,2341.781,21076029,ONLINE_ISSUE_NUM,2.569168,1284.5822,replay_dataset,1053800,577946,90611,81722052000,issue_result:result,9961.918139,0.02579,3877.488117,5,387800,473,true,false,,,824397.04676,1004.94,manual_ladder,false,none,[],0,"{""available"":true,""method"":""account_lot_equation"",""fit_quality"":""rough_lot_account_fit"",""fit_confidence"":0.7,""fit_usable_for_tuning"":true,""fit_residuals"":{""allocated_account_residual"":0,""allocated_lot_residual"":0,""valid_subscription_balance_residual_shares"":0.0,""unallocated_avg_over_cap_shares"":0.0,""unallocated_avg_under_zero_shares"":0.0,""unallocated_cap_utilization"":0.034807},""allocated_accounts"":90611,""allocated_lots_total"":210760,""average_lots_per_allocated_account"":2.325986911081436,""unallocated_accounts"":487335,""unallocated_avg_shares"":13494.799470590046,""unallocated_avg_amount_wan"":16.450160554649266,""unallocated_cap_shares"":387700,""residual_over_cap_shares"":0.0,""top_apply_below_guaranteed"":false,""buckets"":[{""allocated_lots"":3,""accounts"":60074,""threshold_shares"":1053800,""threshold_amount_wan"":1284.5822,""basis"":""compressed_extra_lots""},{""allocated_lots"":2,""accounts"":1,""threshold_shares"":775500,""threshold_amount_wan"":945.3345,""basis"":""compressed_extra_lots""},{""allocated_lots"":1,""accounts"":30536,""threshold_shares"":387700,""threshold_amount_wan"":472.6063,""basis"":""fractional_cutoff_estimate""}]}",rough_lot_account_fit,0.7,true,"{""allocated_account_residual"":0,""allocated_lot_residual"":0,""valid_subscription_balance_residual_shares"":0.0,""unallocated_avg_over_cap_shares"":0.0,""unallocated_avg_under_zero_shares"":0.0,""unallocated_cap_utilization"":0.034807}",3,16.450161,true,actual,true,true,true,manual_ladder,,true,true,true,true,920218_新天力_招股说明书.pdf,920218_新天力_发行公告.pdf,920218_新天力_发行结果公告.pdf,920218_新天力_上市公告书.pdf,,
920211,新睿电子,2026-05-25,2026-05-28,2026-06-05,25.19,640,5760000,ONLINE_ISSUE_NUM,1.450944,725.472,replay_dataset,288000,597681,57600,30801057400,issue_result:result,7758.786359,0.018701,5347.405799,3,534800,,false,true,246800,621.6892,288000,725.472,top_apply_below_guaranteed_all_time_priority,true,all_top_apply_accounts,[],0,"{""available"":true,""method"":""top_apply_below_guaranteed"",""fit_quality"":""time_priority_label"",""fit_confidence"":0.95,""fit_usable_for_tuning"":true,""fit_residuals"":{""allocated_account_residual"":0,""allocated_lot_residual"":0,""valid_subscription_balance_residual_shares"":0.0,""unallocated_avg_over_cap_shares"":0.0,""unallocated_avg_under_zero_shares"":0.0,""unallocated_cap_utilization"":0.091372},""allocated_accounts"":57600,""allocated_lots_total"":57600,""average_lots_per_allocated_account"":1.0,""unallocated_accounts"":540081,""unallocated_avg_shares"":26315.047927995987,""unallocated_avg_amount_wan"":66.2876057306219,""unallocated_cap_shares"":288000,""top_apply_below_guaranteed"":true,""buckets"":[{""allocated_lots"":1,""accounts"":57600,""threshold_shares"":288000,""threshold_amount_wan"":725.472,""basis"":""top_apply_time_priority""}]}",time_priority_label,0.95,true,"{""allocated_account_residual"":0,""allocated_lot_residual"":0,""valid_subscription_balance_residual_shares"":0.0,""unallocated_avg_over_cap_shares"":0.0,""unallocated_avg_under_zero_shares"":0.0,""unallocated_cap_utilization"":0.091372}",1,66.287606,true,actual,true,false,true,ready_fractional,SUBSCRIPTION_AMOUNT_DISTRIBUTION/FRACTIONAL_THRESHOLD_SHARES|FRACTIONAL_TIME_PRIORITY_REQUIRED,true,true,true,false,920211_新睿电子_招股说明书.pdf,920211_新睿电子_发行公告.pdf,920211_新睿电子_发行结果公告.pdf,,,
920206,彩客科技,2026-05-27,2026-06-01,2026-06-08,30.28,797.48,7177320,ONLINE_ISSUE_NUM,2.173292,1086.4464,replay_dataset,358800,531393,71774,29507909200,issue_result:result,8934.994906,0.024323,4111.271227,5,411200,,false,true,52400,158.6672,358800,1086.4464,top_apply_below_guaranteed_all_time_priority,true,all_top_apply_accounts,[],0,"{""available"":true,""method"":""top_apply_below_guaranteed"",""fit_quality"":""time_priority_label_with_account_gap"",""fit_confidence"":0.85,""fit_usable_for_tuning"":true,""fit_residuals"":{""allocated_account_residual"":-1,""allocated_lot_residual"":0,""valid_subscription_balance_residual_shares"":0.0,""unallocated_avg_over_cap_shares"":0.0,""unallocated_avg_under_zero_shares"":0.0,""unallocated_cap_utilization"":0.022774},""allocated_accounts"":71774,""allocated_lots_total"":71773,""average_lots_per_allocated_account"":0.9999860673781592,""unallocated_accounts"":459620,""unallocated_avg_shares"":8171.4390148383445,""unallocated_avg_amount_wan"":24.74311733693051,""unallocated_cap_shares"":358800,""top_apply_below_guaranteed"":true,""buckets"":[{""allocated_lots"":1,""accounts"":71773,""threshold_shares"":358800,""threshold_amount_wan"":1086.4464,""basis"":""top_apply_time_priority""}]}",time_priority_label_with_account_gap,0.85,true,"{""allocated_account_residual"":-1,""allocated_lot_residual"":0,""valid_subscription_balance_residual_shares"":0.0,""unallocated_avg_over_cap_shares"":0.0,""unallocated_avg_under_zero_shares"":0.0,""unallocated_cap_utilization"":0.022774}",1,24.743117,true,actual,true,false,true,ready_fractional,SUBSCRIPTION_AMOUNT_DISTRIBUTION/FRACTIONAL_THRESHOLD_SHARES|FRACTIONAL_TIME_PRIORITY_REQUIRED,true,true,true,false,920206_彩客科技_招股说明书.pdf,920206_彩客科技_发行公告.pdf,920206_彩客科技_发行结果公告.pdf,,,
920083,金戈新材,2026-06-01,2026-06-04,2026-06-11,9.65,2231.7369,20089392,ONLINE_ISSUE_NUM,1.938626,969.246,replay_dataset,1004400,577582,100450,98800482900,issue_result:result,9534.2466,0.020333,4918.042462,3,491900,484,true,false,,,1004400,969.246,manual_ladder,true,none,[],0,"{""available"":true,""method"":""account_lot_equation"",""fit_quality"":""rough_lot_account_fit"",""fit_confidence"":0.7,""fit_usable_for_tuning"":true,""fit_residuals"":{""allocated_account_residual"":0,""allocated_lot_residual"":0,""valid_subscription_balance_residual_shares"":0.0,""unallocated_avg_over_cap_shares"":0.0,""unallocated_avg_under_zero_shares"":0.0,""unallocated_cap_utilization"":0.10081},""allocated_accounts"":100450,""allocated_lots_total"":200894,""average_lots_per_allocated_account"":1.999940268790443,""unallocated_accounts"":477132,""unallocated_avg_shares"":49578.26282873502,""unallocated_avg_amount_wan"":47.843023629729295,""unallocated_cap_shares"":491800,""residual_over_cap_shares"":0.0,""top_apply_below_guaranteed"":false,""buckets"":[{""allocated_lots"":3,""accounts"":50222,""threshold_shares"":1004400,""threshold_amount_wan"":969.246,""basis"":""compressed_extra_lots""},{""allocated_lots"":1,""accounts"":50228,""threshold_shares"":491800,""threshold_amount_wan"":474.587,""basis"":""fractional_cutoff_estimate""}]}",rough_lot_account_fit,0.7,true,"{""allocated_account_residual"":0,""allocated_lot_residual"":0,""valid_subscription_balance_residual_shares"":0.0,""unallocated_avg_over_cap_shares"":0.0,""unallocated_avg_under_zero_shares"":0.0,""unallocated_cap_utilization"":0.10081}",2,47.843024,true,actual,true,true,true,manual_ladder,,true,true,true,true,920083_金戈新材_招股说明书.pdf,920083_金戈新材_发行公告.pdf,920083_金戈新材_发行结果公告.pdf,920083_金戈新材_上市公告书.pdf,,
920126,永大股份,2026-06-03,2026-06-08,2026-06-15,7.79,4652,41868000,ONLINE_ISSUE_NUM,3.261517,1630.7586,replay_dataset,2093300,615820,104096,147468471600,issue_result:result,11487.793938,0.028391,3522.223932,5,352300,274.4,true,false,,,733992.297818,571.78,manual_ladder,false,none,[],0,"{""available"":true,""method"":""account_lot_equation"",""fit_quality"":""rough_lot_account_fit"",""fit_confidence"":0.7,""fit_usable_for_tuning"":true,""fit_residuals"":{""allocated_account_residual"":0,""allocated_lot_residual"":0,""valid_subscription_balance_residual_shares"":0.0,""unallocated_avg_over_cap_shares"":0.0,""unallocated_avg_under_zero_shares"":0.0,""unallocated_cap_utilization"":0.006999},""allocated_accounts"":104096,""allocated_lots_total"":418680,""average_lots_per_allocated_account"":4.022056563172456,""unallocated_accounts"":511724,""unallocated_avg_shares"":2465.0080902986765,""unallocated_avg_amount_wan"":1.9202413023426688,""unallocated_cap_shares"":352200,""residual_over_cap_shares"":0.0,""top_apply_below_guaranteed"":false,""buckets"":[{""allocated_lots"":6,""accounts"":62916,""threshold_shares"":2093300,""threshold_amount_wan"":1630.6807,""basis"":""compressed_extra_lots""},{""allocated_lots"":5,""accounts"":1,""threshold_shares"":1761200,""threshold_amount_wan"":1371.9748,""basis"":""compressed_extra_lots""},{""allocated_lots"":1,""accounts"":41179,""threshold_shares"":352200,""threshold_amount_wan"":274.3638,""basis"":""fractional_cutoff_estimate""}]}",rough_lot_account_fit,0.7,true,"{""allocated_account_residual"":0,""allocated_lot_residual"":0,""valid_subscription_balance_residual_shares"":0.0,""unallocated_avg_over_cap_shares"":0.0,""unallocated_avg_under_zero_shares"":0.0,""unallocated_cap_utilization"":0.006999}",3,1.920241,true,actual,true,true,true,manual_ladder,,true,true,true,true,920126_永大股份_招股说明书.pdf,920126_永大股份_发行公告.pdf,920126_永大股份_发行结果公告.pdf,920126_永大股份_上市公告书.pdf,,
920072,科莱瑞迪,2026-06-15,2026-06-18,2026-06-29,15.62,1480,6660000,ONLINE_ISSUE_NUM,1.040292,416.1168,replay_dataset,266400,,66600,36863454978,issue_result:result,5758.071668,0.018067,5535.0533,3,553600,,false,true,287200,448.6064,266400,416.1168,top_apply_below_guaranteed_all_time_priority,true,all_top_apply_accounts,[],0,{},,,false,{},0,,false,actual,true,false,true,ready_fractional,ONLINE_VA_SHARES/FROZEN_FUNDS_YI|ONLINE_VA_NUM|SUBSCRIPTION_AMOUNT_DISTRIBUTION/FRACTIONAL_THRESHOLD_SHARES|FRACTIONAL_TIME_PRIORITY_REQUIRED,false,true,true,false,,920072_科莱瑞迪_发行公告.pdf,920072_科莱瑞迪_发行结果公告.pdf,,,
920193,吉和昌,2026-06-17,2026-06-23,2026-07-02,8.52,2800,25200000,ONLINE_ISSUE_NUM,2.14704,1073.52,replay_dataset,1260000,549105,104275,114741539200,issue_result:result,9775.97914,0.021962,4553.235683,6,455400,392,true,false,,,1034906.103286,881.74,manual_ladder,false,none,[],0,"{""available"":true,""method"":""account_lot_equation"",""fit_quality"":""rough_lot_account_fit"",""fit_confidence"":0.7,""fit_usable_for_tuning"":true,""fit_residuals"":{""allocated_account_residual"":0,""allocated_lot_residual"":0,""valid_subscription_balance_residual_shares"":0.0,""unallocated_avg_over_cap_shares"":0.0,""unallocated_avg_under_zero_shares"":0.0,""unallocated_cap_utilization"":0.03865},""allocated_accounts"":104275,""allocated_lots_total"":252000,""average_lots_per_allocated_account"":2.416686645888276,""unallocated_accounts"":444830,""unallocated_avg_shares"":17597.56513724344,""unallocated_avg_amount_wan"":14.993125496931412,""unallocated_cap_shares"":455300,""residual_over_cap_shares"":0.0,""top_apply_below_guaranteed"":false,""buckets"":[{""allocated_lots"":3,""accounts"":73862,""threshold_shares"":1260000,""threshold_amount_wan"":1073.52,""basis"":""compressed_extra_lots""},{""allocated_lots"":2,""accounts"":1,""threshold_shares"":910700,""threshold_amount_wan"":775.9164,""basis"":""compressed_extra_lots""},{""allocated_lots"":1,""accounts"":30412,""threshold_shares"":455300,""threshold_amount_wan"":387.9156,""basis"":""fractional_cutoff_estimate""}]}",rough_lot_account_fit,0.7,true,"{""allocated_account_residual"":0,""allocated_lot_residual"":0,""valid_subscription_balance_residual_shares"":0.0,""unallocated_avg_over_cap_shares"":0.0,""unallocated_avg_under_zero_shares"":0.0,""unallocated_cap_utilization"":0.03865}",3,14.993125,true,actual,true,true,true,manual_ladder,,true,true,true,true,920193_吉和昌_向不特定合格投资者公开发行股票并在北京证券交易所上市招股说明书.pdf,920193_吉和昌_发行公告.pdf,920193_吉和昌_发行结果公告.pdf,920193_吉和昌_上市公告书.pdf,,
920222,益坤电气,2026-06-22,2026-06-25,2026-06-30,10.09,1284.71,11562390,ONLINE_ISSUE_NUM,1.166645,583.3029,replay_dataset,578100,585113,115624,76009477800,issue_result:result,7669.35631,0.015212,6573.855215,3,657400,,false,true,79300,80.0137,578100,583.3029,top_apply_below_guaranteed_all_time_priority,true,all_top_apply_accounts,[],0,"{""available"":true,""method"":""top_apply_below_guaranteed"",""fit_quality"":""time_priority_label"",""fit_confidence"":0.95,""fit_usable_for_tuning"":true,""fit_residuals"":{""allocated_account_residual"":0,""allocated_lot_residual"":0,""valid_subscription_balance_residual_shares"":0.0,""unallocated_avg_over_cap_shares"":0.0,""unallocated_avg_under_zero_shares"":0.0,""unallocated_cap_utilization"":0.033776},""allocated_accounts"":115624,""allocated_lots_total"":115624,""average_lots_per_allocated_account"":1.0,""unallocated_accounts"":469489,""unallocated_avg_shares"":19526.002526150773,""unallocated_avg_amount_wan"":19.701736548886128,""unallocated_cap_shares"":578100,""top_apply_below_guaranteed"":true,""buckets"":[{""allocated_lots"":1,""accounts"":115624,""threshold_shares"":578100,""threshold_amount_wan"":583.3029,""basis"":""top_apply_time_priority""}]}",time_priority_label,0.95,true,"{""allocated_account_residual"":0,""allocated_lot_residual"":0,""valid_subscription_balance_residual_shares"":0.0,""unallocated_avg_over_cap_shares"":0.0,""unallocated_avg_under_zero_shares"":0.0,""unallocated_cap_utilization"":0.033776}",1,19.701737,true,actual,true,false,true,ready_fractional,SUBSCRIPTION_AMOUNT_DISTRIBUTION/FRACTIONAL_THRESHOLD_SHARES|FRACTIONAL_TIME_PRIORITY_REQUIRED,true,true,true,false,920222_益坤电气_招股说明书.pdf,920222_益坤电气_发行公告.pdf,920222_益坤电气_发行结果公告.pdf,,,
920136,永励精密,2026-06-24,2026-06-29,2026-06-24,19.28,2000,18000000,ONLINE_ISSUE_NUM,3.4704,1735.2,replay_dataset,900000,541549,81008,56781496200,issue_result:result,10947.472467,0.0317,3154.527567,5,315500,608.284,true,false,,,235600,454.2368,model_estimate_without_distribution,false,none,[],0,"{""available"":true,""method"":""account_lot_equation"",""fit_quality"":""rough_lot_account_fit"",""fit_confidence"":0.7,""fit_usable_for_tuning"":true,""fit_residuals"":{""allocated_account_residual"":0,""allocated_lot_residual"":0,""valid_subscription_balance_residual_shares"":0.0,""unallocated_avg_over_cap_shares"":0.0,""unallocated_avg_under_zero_shares"":0.0,""unallocated_cap_utilization"":0.015808},""allocated_accounts"":81008,""allocated_lots_total"":180000,""average_lots_per_allocated_account"":2.222002765158997,""unallocated_accounts"":460541,""unallocated_avg_shares"":4985.900061015197,""unallocated_avg_amount_wan"":9.6128153176373,""unallocated_cap_shares"":315400,""residual_over_cap_shares"":0.0,""top_apply_below_guaranteed"":false,""buckets"":[{""allocated_lots"":3,""accounts"":49496,""threshold_shares"":900000,""threshold_amount_wan"":1735.2,""basis"":""compressed_extra_lots""},{""allocated_lots"":1,""accounts"":31512,""threshold_shares"":315400,""threshold_amount_wan"":608.0912,""basis"":""fractional_cutoff_estimate""}]}",rough_lot_account_fit,0.7,true,"{""allocated_account_residual"":0,""allocated_lot_residual"":0,""valid_subscription_balance_residual_shares"":0.0,""unallocated_avg_over_cap_shares"":0.0,""unallocated_avg_under_zero_shares"":0.0,""unallocated_cap_utilization"":0.015808}",2,9.612815,true,actual,true,true,true,ready_guaranteed,SUBSCRIPTION_AMOUNT_DISTRIBUTION/FRACTIONAL_THRESHOLD_SHARES|FRACTIONAL_TIME_PRIORITY_REQUIRED,true,true,true,false,920136_永励精密_招股说明书.pdf,920136_永励精密_发行公告.pdf,920136_永励精密_发行结果公告.pdf,,,
920189,康美特,2026-06-29,2026-07-02,2026-06-29,8.14,2121,19089000,ONLINE_ISSUE_NUM,1.553845,776.8816,replay_dataset,954400,574968,103206,104777644000,issue_result:result,8528.900222,0.018219,5488.901671,3,548900,447,true,false,,,775184.275184,631,manual_ladder,false,none,[],0,"{""available"":true,""method"":""account_lot_equation"",""fit_quality"":""rough_lot_account_fit"",""fit_confidence"":0.7,""fit_usable_for_tuning"":true,""fit_residuals"":{""allocated_account_residual"":0,""allocated_lot_residual"":0,""valid_subscription_balance_residual_shares"":0.0,""unallocated_avg_over_cap_shares"":0.0,""unallocated_avg_under_zero_shares"":0.0,""unallocated_cap_utilization"":0.048565},""allocated_accounts"":103206,""allocated_lots_total"":190890,""average_lots_per_allocated_account"":1.849601767339108,""unallocated_accounts"":471762,""unallocated_avg_shares"":26652.339103191865,""unallocated_avg_amount_wan"":21.69500402999818,""unallocated_cap_shares"":548800,""residual_over_cap_shares"":0.0,""top_apply_below_guaranteed"":false,""buckets"":[{""allocated_lots"":2,""accounts"":87684,""threshold_shares"":954400,""threshold_amount_wan"":776.8816,""basis"":""compressed_extra_lots""},{""allocated_lots"":1,""accounts"":15522,""threshold_shares"":548800,""threshold_amount_wan"":446.7232,""basis"":""fractional_cutoff_estimate""}]}",rough_lot_account_fit,0.7,true,"{""allocated_account_residual"":0,""allocated_lot_residual"":0,""valid_subscription_balance_residual_shares"":0.0,""unallocated_avg_over_cap_shares"":0.0,""unallocated_avg_under_zero_shares"":0.0,""unallocated_cap_utilization"":0.048565}",2,21.695004,true,actual,true,true,true,manual_ladder,,true,true,true,true,920189_康美特_招股说明书.pdf,920189_康美特_发行公告.pdf,920189_康美特_发行结果公告.pdf,920189_康美特_上市公告书.pdf,,
920081,欧伦电气,2026-07-01,2026-07-06,2026-07-01,38.69,1900,17100000,ONLINE_ISSUE_NUM,6.61599,3307.995,replay_dataset,855000,594234,73209,31264482900,issue_result:result,12096.228434,0.054695,1828.332333,5,182900,707.85,true,false,,,323202.377875,1250.47,manual_ladder,false,none,[],0,"{""available"":true,""method"":""account_lot_equation"",""fit_quality"":""rough_lot_account_fit"",""fit_confidence"":0.7,""fit_usable_for_tuning"":true,""fit_residuals"":{""allocated_account_residual"":0,""allocated_lot_residual"":0,""valid_subscription_balance_residual_shares"":0.0,""unallocated_avg_over_cap_shares"":0.0,""unallocated_avg_under_zero_shares"":0.0,""unallocated_cap_utilization"":0.015204},""allocated_accounts"":73209,""allocated_lots_total"":171000,""average_lots_per_allocated_account"":2.335778387903127,""unallocated_accounts"":521025,""unallocated_avg_shares"":2779.244182140972,""unallocated_avg_amount_wan"":10.752895740703421,""unallocated_cap_shares"":182800,""residual_over_cap_shares"":0.0,""top_apply_below_guaranteed"":false,""buckets"":[{""allocated_lots"":5,""accounts"":24447,""threshold_shares"":855000,""threshold_amount_wan"":3307.9949999999994,""basis"":""compressed_extra_lots""},{""allocated_lots"":4,""accounts"":1,""threshold_shares"":731400,""threshold_amount_wan"":2829.7866,""basis"":""compressed_extra_lots""},{""allocated_lots"":1,""accounts"":48761,""threshold_shares"":182800,""threshold_amount_wan"":707.2532,""basis"":""fractional_cutoff_estimate""}]}",rough_lot_account_fit,0.7,true,"{""allocated_account_residual"":0,""allocated_lot_residual"":0,""valid_subscription_balance_residual_shares"":0.0,""unallocated_avg_over_cap_shares"":0.0,""unallocated_avg_under_zero_shares"":0.0,""unallocated_cap_utilization"":0.015204}",3,10.752896,true,actual,true,true,true,manual_ladder,,true,true,true,false,920081_欧伦电气_招股说明书.pdf,920081_欧伦电气_发行公告.pdf,920081_欧伦电气_发行结果公告.pdf,,,
